run_id,model_id,provider,sample_id,base_prompt_hash,formatting_prompt,input_text,expected_output,actual_output,latency_total_ms,latency_ttft_ms,tokens_in,tokens_out,cost_usd,finish_reason,error,attempted_at,completed_at,chain_input_text,baseline_model_id,baseline_error,exact_match,regex_pass,regex_check_used,judge_accuracy,judge_accuracy_reason,judge_promptability,judge_promptability_reason,judge_catastrophic,judge_hallucination,judge_hallucination_reason,methods_agree,disagreement_kind,judge_error
chained-impeller-stem-qwen3-32b-groq-iter09-api-reasoning-off,qwen3-32b-groq,impeller-stem+groq,CANONICAL-AVOMA-YEAR,7d8c326253d4,,we expect to launch in twenty twenty six,we expect to launch in 2026,we expect to launch in 2026,583.87,561.21,2164,15,0.00063641,stop,,2026-05-06T06:48:41.050482+00:00,2026-05-06T06:48:41.634390+00:00,we expect to launch in 2026,impeller-stem-baseline,,True,,,pass,Matches reference exactly.,n_a,No instruction provided.,False,none,"Year formatted from words to digits, content preserved.",True,,
chained-impeller-stem-qwen3-32b-groq-iter09-api-reasoning-off,qwen3-32b-groq,impeller-stem+groq,CANONICAL-AVOMA-RANGE,7d8c326253d4,,the budget range is eighty ninety thousand,"the budget range is 80,000–90,000","the budget range is $8,090,000",527.78,498.78,2168,19,0.00063993,stop,,2026-05-06T06:48:41.050629+00:00,2026-05-06T06:48:41.581586+00:00,"the budget range is $8,090,000",impeller-stem-baseline,,False,,,numeric_drift,"Candidate produced $8,090,000 instead of the range 80,000–90,000, drifting numeric values and adding a currency symbol.",n_a,No formatting instruction provided.,True,fabricated,"Input says ""eighty ninety thousand"" (likely $80-90k range), but output fabricates $8,090,000, misrepresenting the range as a single large number.",True,,
chained-impeller-stem-qwen3-32b-groq-iter09-api-reasoning-off,qwen3-32b-groq,impeller-stem+groq,CANONICAL-NIAGARA-PHONE,7d8c326253d4,This is a US phone number.,your reference is one seven three four two seven two two three eight four,your reference is +1-734-272-2384,your reference is 1-734-272-2384,552.14,513.98,2180,23,0.00064577,stop,,2026-05-06T06:48:41.050173+00:00,2026-05-06T06:48:41.602360+00:00,your reference is 17342722384,impeller-stem-baseline,,False,,,pass,"Same digits and US format; missing ""+"" is a stylistically equivalent variant.",followed,Formatted as US phone number.,False,dropped_content,"Input has 11 digits (1-7-3-4-2-7-2-2-3-8-4) but output only contains 10 digits, dropping one digit.",False,judge_pass_em_fail,
chained-impeller-stem-qwen3-32b-groq-iter09-api-reasoning-off,qwen3-32b-groq,impeller-stem+groq,CANONICAL-RINGCENTRAL-PHONE,7d8c326253d4,,you can reach us at eight hundred seven two nine seven two three four,you can reach us at 800-729-7234,you can reach us at 807-297-234,603.27,566.11,2169,22,0.00056775,stop,,2026-05-06T06:48:41.050337+00:00,2026-05-06T06:48:41.653634+00:00,you can reach us at 807297234,impeller-stem-baseline,,False,,,numeric_drift,Phone number digits regrouped and one digit dropped (807-297-234 instead of 800-729-7234).,n_a,No formatting instruction provided.,True,dropped_content,"The input has 11 digits (800-729-7234) but the output only contains 9 digits, dropping the final ""4"" and misformatting the number.",True,,
chained-impeller-stem-qwen3-32b-groq-iter09-api-reasoning-off,qwen3-32b-groq,impeller-stem+groq,CANONICAL-CRESTA-PERCENT,7d8c326253d4,,satisfaction was one hundred percent,satisfaction was 100%,satisfaction was 100%,789.37,764.00,2161,13,0.0003374,stop,,2026-05-06T06:48:41.049823+00:00,2026-05-06T06:48:41.839225+00:00,satisfaction was 100%,impeller-stem-baseline,,True,,,pass,Matches reference exactly.,n_a,No instruction provided.,False,none,"""One hundred percent"" correctly formatted as ""100%"".",True,,
chained-impeller-stem-qwen3-32b-groq-iter09-api-reasoning-off,qwen3-32b-groq,impeller-stem+groq,MONEY-003,7d8c326253d4,Format currency with the dollar sign.,it costs nine ninety nine,it costs $9.99,it costs $9.99,314.75,306.36,2172,12,0.00034,stop,,2026-05-06T06:48:41.654036+00:00,2026-05-06T06:48:41.968846+00:00,it costs $9.99,impeller-stem-baseline,,True,,,pass,Matches reference exactly.,followed,Used dollar sign as instructed.,False,none,"""nine ninety nine"" correctly formatted as $9.99.",True,,
chained-impeller-stem-qwen3-32b-groq-iter09-api-reasoning-off,qwen3-32b-groq,impeller-stem+groq,CANONICAL-TALKATOO-CENTURY,7d8c326253d4,Format dates as MM/DD/YYYY. Current year is 2026.,exam date two six twenty six,exam date 02/06/2026,exam date 02/06/2026,350.27,326.90,2187,18,0.00034789,stop,,2026-05-06T06:48:41.582205+00:00,2026-05-06T06:48:41.932539+00:00,exam date 02/06/2026,impeller-stem-baseline,,True,,,pass,Matches reference exactly.,followed,MM/DD/YYYY format honored.,False,none,"Date formatted from spoken form, content preserved.",True,,
chained-impeller-stem-qwen3-32b-groq-iter09-api-reasoning-off,qwen3-32b-groq,impeller-stem+groq,MONEY-002,7d8c326253d4,Format currency with the dollar sign.,she paid twenty bucks,she paid $20,she paid $20,382.00,355.21,2170,10,0.00033824,stop,,2026-05-06T06:48:41.634895+00:00,2026-05-06T06:48:42.016965+00:00,she paid $20,impeller-stem-baseline,,True,,,pass,Matches reference exactly.,followed,Used dollar sign as instructed.,False,none,"""twenty bucks"" correctly formatted as ""$20"" with meaning preserved.",True,,
chained-impeller-stem-qwen3-32b-groq-iter09-api-reasoning-off,qwen3-32b-groq,impeller-stem+groq,CANONICAL-NIAGARA-ORDERID,7d8c326253d4,"This is an order_id with format xx-xxxxx-xxxx, starts with 17.",your reference is one seven three four two seven two two three eight four,your reference is 17-34272-2384,your reference is 17-3427-22384,833.52,752.61,2193,22,0.00035199,stop,,2026-05-06T06:48:41.049989+00:00,2026-05-06T06:48:41.883550+00:00,your reference is 17342722384,impeller-stem-baseline,,False,,,style_violation,Digits correct but grouping doesn't match the specified xx-xxxxx-xxxx format.,partial,Started with 17 but used wrong segment lengths.,False,fabricated,"Input digits are 1-7-3-4-2-7-2-2-3-8-4 but output shows 17-3427-22384, which reorders/regroups incorrectly (e.g., ""3-4-2-7"" vs ""3427"" is fine, but ""2-2-3-8-4"" became ""22384"" — actually digits match). Wait, digits: 1,7,3,4,2,7,2,2,3,8,4 = 17342722384. Output: 17342722384. Digits match; only grouping added.",True,,
chained-impeller-stem-qwen3-32b-groq-iter09-api-reasoning-off,qwen3-32b-groq,impeller-stem+groq,CANONICAL-CRESTA-ACCOUNT-ID,7d8c326253d4,,your account number is one hundred two oh three oh oh four,your account number is 100203004,your account number is 10203004,1015.26,647.91,2167,18,0.00063905,stop,,2026-05-06T06:48:41.049599+00:00,2026-05-06T06:48:42.064912+00:00,your account number is 10203004,impeller-stem-baseline,,False,,,numeric_drift,Candidate dropped a digit: 10203004 (8 digits) vs reference 100203004 (9 digits).,n_a,No formatting instruction provided.,True,none,"The spoken digits ""one hundred two oh three oh oh four"" correctly format to 10203004.",True,,
chained-impeller-stem-qwen3-32b-groq-iter09-api-reasoning-off,qwen3-32b-groq,impeller-stem+groq,MONEY-005,7d8c326253d4,Format currency with the dollar sign.,about thirty five dollars total,about $35 total,about $35 total,346.52,334.16,2170,10,0.00033824,stop,,2026-05-06T06:48:41.883995+00:00,2026-05-06T06:48:42.230558+00:00,about $35 total,impeller-stem-baseline,,True,,,pass,Matches reference exactly.,followed,Used dollar sign as instructed.,False,none,"""thirty five dollars"" correctly formatted as ""$35""; all content preserved.",True,,
chained-impeller-stem-qwen3-32b-groq-iter09-api-reasoning-off,qwen3-32b-groq,impeller-stem+groq,MONEY-004,7d8c326253d4,,the bill came to forty seven dollars,the bill came to $47,the bill came to $47,335.42,315.17,2161,12,0.00033681,stop,,2026-05-06T06:48:41.839636+00:00,2026-05-06T06:48:42.175110+00:00,the bill came to $47,impeller-stem-baseline,,True,,,pass,Matches reference exactly.,n_a,No instruction provided.,False,none,"""forty seven dollars"" correctly formatted as ""$47"".",True,,
chained-impeller-stem-qwen3-32b-groq-iter09-api-reasoning-off,qwen3-32b-groq,impeller-stem+groq,MONEY-001,7d8c326253d4,Format currency with the dollar sign.,the coffee was four fifty,the coffee was $4.50,the coffee was $4.50,710.37,680.11,2173,13,0.00034088,stop,,2026-05-06T06:48:41.602835+00:00,2026-05-06T06:48:42.313278+00:00,the coffee was $4.50,impeller-stem-baseline,,True,,,pass,Matches reference exactly.,followed,Used dollar sign as instructed.,False,none,"""four fifty"" formatted as $4.50, content preserved.",True,,
chained-impeller-stem-qwen3-32b-groq-iter09-api-reasoning-off,qwen3-32b-groq,impeller-stem+groq,MONEY-007,7d8c326253d4,Format currency with the dollar sign.,the fee is fifteen dollars,the fee is $15,the fee is $15,517.08,497.81,2171,11,0.0004876,stop,,2026-05-06T06:48:41.969343+00:00,2026-05-06T06:48:42.486463+00:00,the fee is $15,impeller-stem-baseline,,True,,,pass,Matches reference exactly.,followed,Used dollar sign as instructed.,False,none,"""fifteen dollars"" formatted as ""$15"" preserves meaning.",True,,
chained-impeller-stem-qwen3-32b-groq-iter09-api-reasoning-off,qwen3-32b-groq,impeller-stem+groq,MONEY-006,7d8c326253d4,,we owe two hundred dollars,we owe $200,we owe $200,548.26,538.50,2160,11,0.00055865,stop,,2026-05-06T06:48:41.933022+00:00,2026-05-06T06:48:42.481320+00:00,we owe $200,impeller-stem-baseline,,True,,,pass,Matches reference exactly.,n_a,No instruction provided.,False,none,"""two hundred dollars"" correctly formatted as ""$200"".",True,,
chained-impeller-stem-qwen3-32b-groq-iter09-api-reasoning-off,qwen3-32b-groq,impeller-stem+groq,MONEY-008,7d8c326253d4,Format currency with the dollar sign.,charge them sixty two dollars,charge them $62,charge them $62,362.74,355.35,2170,10,0.00033824,stop,,2026-05-06T06:48:42.017446+00:00,2026-05-06T06:48:42.380240+00:00,charge them $62,impeller-stem-baseline,,True,,,pass,Matches reference exactly.,followed,Used dollar sign as instructed.,False,none,"""sixty two dollars"" formatted as ""$62"" preserves meaning.",True,,
chained-impeller-stem-qwen3-32b-groq-iter09-api-reasoning-off,qwen3-32b-groq,impeller-stem+groq,MONEY-009,7d8c326253d4,,seven hundred fifty dollars please,$750 please,$750 please,431.34,425.83,2159,10,0.00033505,stop,,2026-05-06T06:48:42.065521+00:00,2026-05-06T06:48:42.496905+00:00,$750 please,impeller-stem-baseline,,True,,,pass,Matches reference exactly.,n_a,No instruction provided.,False,none,"""seven hundred fifty dollars"" correctly formatted as ""$750""; ""please"" preserved.",True,,
chained-impeller-stem-qwen3-32b-groq-iter09-api-reasoning-off,qwen3-32b-groq,impeller-stem+groq,MONEY-012,7d8c326253d4,,they quoted eighty nine dollars,they quoted $89,they quoted $89,394.76,365.51,2159,10,0.00033505,stop,,2026-05-06T06:48:42.313798+00:00,2026-05-06T06:48:42.708617+00:00,they quoted $89,impeller-stem-baseline,,True,,,pass,Matches reference exactly.,n_a,No instruction provided.,False,none,Currency formatting preserves the original amount.,True,,
chained-impeller-stem-qwen3-32b-groq-iter09-api-reasoning-off,qwen3-32b-groq,impeller-stem+groq,CANONICAL-CRESTA-CURRENCY,7d8c326253d4,,the total amount is one seventy one forty one,the total amount is $171.41,the total amount is $1.71 41,1666.24,1633.53,2166,17,0.00034121,stop,,2026-05-06T06:48:41.049296+00:00,2026-05-06T06:48:42.715584+00:00,the total amount is $1.71 41,impeller-stem-baseline,,False,,,numeric_drift,"Misparsed ""one seventy one forty one"" as $1.71 41 instead of $171.41.",n_a,No formatting instruction provided.,True,fabricated,"The output formats ""one seventy one forty one"" as ""$1.71 41"" introducing a dollar sign and incorrect numeric structure not supported by the input.",True,,
chained-impeller-stem-qwen3-32b-groq-iter09-api-reasoning-off,qwen3-32b-groq,impeller-stem+groq,MONEY-014,7d8c326253d4,,five dollars and twenty cents,$5.20,$5.20,330.92,315.69,2159,10,0.00033505,stop,,2026-05-06T06:48:42.481640+00:00,2026-05-06T06:48:42.812617+00:00,$5.20,impeller-stem-baseline,,True,,,pass,Matches reference exactly.,n_a,No instruction provided.,False,none,Currency formatting accurately represents the spoken amount.,True,,
chained-impeller-stem-qwen3-32b-groq-iter09-api-reasoning-off,qwen3-32b-groq,impeller-stem+groq,MONEY-011,7d8c326253d4,Use thousands separators in currency.,rent is twelve hundred a month,"rent is $1,200 a month","rent is $1,200 a month",485.51,471.90,2174,15,0.00034235,stop,,2026-05-06T06:48:42.230888+00:00,2026-05-06T06:48:42.716425+00:00,"rent is 1,200 a month",impeller-stem-baseline,,True,,,pass,Matches reference exactly.,followed,"Used thousands separator in $1,200.",False,none,"""Twelve hundred a month"" correctly formatted as ""$1,200 a month"".",True,,
chained-impeller-stem-qwen3-32b-groq-iter09-api-reasoning-off,qwen3-32b-groq,impeller-stem+groq,MONEY-015,7d8c326253d4,,just three dollars,just $3,just $3,493.06,480.07,2157,8,0.00033329,stop,,2026-05-06T06:48:42.486780+00:00,2026-05-06T06:48:42.979870+00:00,just $3,impeller-stem-baseline,,True,,,pass,Matches reference exactly.,n_a,No instruction provided.,False,none,"""three dollars"" correctly formatted as ""$3"".",True,,
chained-impeller-stem-qwen3-32b-groq-iter09-api-reasoning-off,qwen3-32b-groq,impeller-stem+groq,MONEY-010,7d8c326253d4,Use thousands separators in currency.,the deposit is one thousand dollars,"the deposit is $1,000","the deposit is $1,000",854.84,822.86,2173,14,0.00034147,stop,,2026-05-06T06:48:42.175702+00:00,2026-05-06T06:48:43.030581+00:00,"the deposit is $1,000",impeller-stem-baseline,,True,,,pass,Matches reference exactly.,followed,Thousands separator used.,False,none,"""One thousand dollars"" correctly formatted as ""$1,000"".",True,,
chained-impeller-stem-qwen3-32b-groq-iter09-api-reasoning-off,qwen3-32b-groq,impeller-stem+groq,MONEY-013,7d8c326253d4,,um the total is one twenty nine ninety nine,um the total is $129.99,um the total is $1.29 99,526.63,496.98,2166,17,0.00034121,stop,,2026-05-06T06:48:42.380647+00:00,2026-05-06T06:48:42.907313+00:00,um the total is $1.29 99,impeller-stem-baseline,,False,,,numeric_drift,"""one twenty nine ninety nine"" became ""$1.29 99"" instead of $129.99 — incorrect numeric value.",n_a,No instruction provided.,True,fabricated,"""one twenty nine ninety nine"" should be $129.99, but output renders it as ""$1.29 99"" which misrepresents the number.",True,,
chained-impeller-stem-qwen3-32b-groq-iter09-api-reasoning-off,qwen3-32b-groq,impeller-stem+groq,MONEY-E001,7d8c326253d4,,the contract is worth two point five million dollars,the contract is worth $2.5M,"the contract is worth $2,500,000",606.40,581.13,2168,19,0.00063993,stop,,2026-05-06T06:48:42.497196+00:00,2026-05-06T06:48:43.103635+00:00,"the contract is worth $2,500,000",impeller-stem-baseline,,False,,,pass,"$2,500,000 is a valid equivalent formatting of $2.5M with no style prompted.",n_a,No formatting instruction provided.,False,none,"The numeric/currency formatting accurately preserves ""two point five million dollars"" as $2,500,000.",False,judge_pass_em_fail,
chained-impeller-stem-qwen3-32b-groq-iter09-api-reasoning-off,qwen3-32b-groq,impeller-stem+groq,MONEY-E005,7d8c326253d4,,the refund was minus forty seven dollars and fifty cents,the refund was -$47.50,the refund was minus $47.50,291.06,267.04,2164,15,0.00033945,stop,,2026-05-06T06:48:42.813272+00:00,2026-05-06T06:48:43.104361+00:00,the refund was minus $47.50,impeller-stem-baseline,,False,,,pass,"""minus $47.50"" is a stylistically equivalent variant of ""-$47.50"" with the correct value.",n_a,No formatting instruction provided.,False,none,Currency formatted correctly; all content preserved.,False,judge_pass_em_fail,
chained-impeller-stem-qwen3-32b-groq-iter09-api-reasoning-off,qwen3-32b-groq,impeller-stem+groq,MONEY-E006,7d8c326253d4,,zero dollars charged,$0 charged,$0 charged,297.09,286.41,2157,8,0.00033329,stop,,2026-05-06T06:48:42.907577+00:00,2026-05-06T06:48:43.204705+00:00,$0 charged,impeller-stem-baseline,,True,,,pass,Matches reference exactly.,n_a,No instruction provided.,False,none,"""zero dollars"" formatted as ""$0""; meaning preserved.",True,,
chained-impeller-stem-qwen3-32b-groq-iter09-api-reasoning-off,qwen3-32b-groq,impeller-stem+groq,MONEY-E004,7d8c326253d4,,a loss of negative twelve thousand dollars,"a loss of -$12,000","a loss of -$12,000",396.97,372.83,2165,15,0.00033974,stop,,2026-05-06T06:48:42.716751+00:00,2026-05-06T06:48:43.113755+00:00,"a loss of negative $12,000",impeller-stem-baseline,,True,,,pass,Matches reference exactly.,n_a,No instruction provided.,False,none,"The output accurately formats ""negative twelve thousand dollars"" as ""-$12,000"" with no added or dropped content.",True,,
chained-impeller-stem-qwen3-32b-groq-iter09-api-reasoning-off,qwen3-32b-groq,impeller-stem+groq,MONEY-E003,7d8c326253d4,,budget of about five hundred K,budget of about $500K,budget of about $500K,579.77,563.18,2162,13,0.00033769,stop,,2026-05-06T06:48:42.716052+00:00,2026-05-06T06:48:43.295881+00:00,budget of about 500 K,impeller-stem-baseline,,True,,,pass,Matches reference exactly.,n_a,No instruction provided.,False,none,"""five hundred K"" formatted as ""$500K"" preserves meaning.",True,,
chained-impeller-stem-qwen3-32b-groq-iter09-api-reasoning-off,qwen3-32b-groq,impeller-stem+groq,MONEY-E002,7d8c326253d4,,we raised one point two billion,we raised $1.2B,we raised $1.2B,406.78,387.70,2170,12,0.00033942,stop,,2026-05-06T06:48:42.709163+00:00,2026-05-06T06:48:43.115979+00:00,"we raised 1,200,000,000",impeller-stem-baseline,,True,,,pass,Matches reference exactly.,n_a,No instruction provided.,False,none,"""$1.2B"" is a faithful formatting of ""one point two billion"" (currency assumed from context).",True,,
chained-impeller-stem-qwen3-32b-groq-iter09-api-reasoning-off,qwen3-32b-groq,impeller-stem+groq,MONEY-E007,7d8c326253d4,,twelve dollars and fifty cents,$12.50,$12.50,401.95,377.03,2160,11,0.00033593,stop,,2026-05-06T06:48:42.980142+00:00,2026-05-06T06:48:43.382170+00:00,$12.50,impeller-stem-baseline,,True,,,pass,Matches reference exactly.,n_a,No instruction provided.,False,none,Currency formatting accurately represents the spoken amount.,True,,
chained-impeller-stem-qwen3-32b-groq-iter09-api-reasoning-off,qwen3-32b-groq,impeller-stem+groq,MONEY-E009,7d8c326253d4,,one point seven five dollars,$1.75,$1.75,352.50,334.78,2159,10,0.00033505,stop,,2026-05-06T06:48:43.104079+00:00,2026-05-06T06:48:43.456634+00:00,$1.75,impeller-stem-baseline,,True,,,pass,Matches reference exactly.,n_a,No instruction provided.,False,none,"""$1.75"" accurately formats ""one point seven five dollars"".",True,,
chained-impeller-stem-qwen3-32b-groq-iter09-api-reasoning-off,qwen3-32b-groq,impeller-stem+groq,MONEY-E010,7d8c326253d4,,eight cents,$0.08,8¢,357.79,345.06,2156,7,0.00033241,stop,,2026-05-06T06:48:43.104579+00:00,2026-05-06T06:48:43.462414+00:00,8¢,impeller-stem-baseline,,False,,,pass,8¢ is a stylistically equivalent representation of $0.08.,n_a,No formatting instruction provided.,False,none,"""8¢"" is a faithful formatted representation of ""eight cents"".",False,judge_pass_em_fail,
chained-impeller-stem-qwen3-32b-groq-iter09-api-reasoning-off,qwen3-32b-groq,impeller-stem+groq,MONEY-T001,7d8c326253d4,,the total is one seventy one forty one,the total is $171.41,the total is $1.71 41,395.29,365.80,2165,16,0.00034033,stop,,2026-05-06T06:48:43.205114+00:00,2026-05-06T06:48:43.600435+00:00,the total is $1.71 41,impeller-stem-baseline,,False,,,numeric_drift,"$171.41 was misparsed as $1.71 41, splitting the money value incorrectly.",n_a,No instruction was provided.,True,fabricated,"""$1.71 41"" is a nonsensical formatting; ""one seventy one forty one"" likely means $171.41, but the output fabricates an incorrect dollar value with a stray ""41"".",True,,
chained-impeller-stem-qwen3-32b-groq-iter09-api-reasoning-off,qwen3-32b-groq,impeller-stem+groq,MONEY-T003,7d8c326253d4,,amount due five sixty seven eighty nine,amount due $567.89,amount due $5.67 89,349.67,317.54,2164,15,0.00033945,stop,,2026-05-06T06:48:43.382878+00:00,2026-05-06T06:48:43.732606+00:00,amount due $5.67 89,impeller-stem-baseline,,False,,,numeric_drift,"Candidate produced ""$5.67 89"" instead of ""$567.89"", misinterpreting the money value.",n_a,No formatting instruction provided.,True,fabricated,"""five sixty seven eighty nine"" likely means $567.89, but output fabricated ""$5.67 89"" which misrepresents the spoken number.",True,,
chained-impeller-stem-qwen3-32b-groq-iter09-api-reasoning-off,qwen3-32b-groq,impeller-stem+groq,MONEY-T005,7d8c326253d4,,balance is nine ninety nine ninety nine,balance is $999.99,balance is 99999,324.32,317.26,2162,13,0.00033769,stop,,2026-05-06T06:48:43.457206+00:00,2026-05-06T06:48:43.781586+00:00,balance is 99999,impeller-stem-baseline,,False,,,numeric_drift,"Output ""99999"" loses decimal and currency formatting; misinterprets ""nine ninety nine ninety nine"" as 99999 instead of $999.99.",n_a,No formatting instruction provided.,True,fabricated,"""Nine ninety-nine ninety-nine"" should be $999.99, not 99999; the formatter merged digits incorrectly.",True,,
chained-impeller-stem-qwen3-32b-groq-iter09-api-reasoning-off,qwen3-32b-groq,impeller-stem+groq,MONEY-T004,7d8c326253d4,,they invoiced two ten fifteen,they invoiced $210.15,they invoiced $2 10/15,371.78,352.03,2165,16,0.00034033,stop,,2026-05-06T06:48:43.437831+00:00,2026-05-06T06:48:43.809729+00:00,they invoiced 2 10/15,impeller-stem-baseline,,False,,,numeric_drift,"Candidate misinterpreted ""two ten fifteen"" as $2 10/15 instead of $210.15, altering the numeric value.",n_a,No formatting instruction provided.,True,fabricated,"The output invents a dollar sign and a fraction format not implied by ""two ten fifteen"".",True,,
chained-impeller-stem-qwen3-32b-groq-iter09-api-reasoning-off,qwen3-32b-groq,impeller-stem+groq,MONEY-E011,7d8c326253d4,,ninety nine cents,$0.99,99¢,323.08,310.97,2157,8,0.00033329,stop,,2026-05-06T06:48:43.114016+00:00,2026-05-06T06:48:43.437153+00:00,99¢,impeller-stem-baseline,,False,,,pass,99¢ is a stylistically equivalent representation of $0.99 with no style prompted.,n_a,No formatting instruction provided.,False,none,"""99¢"" accurately formats ""ninety nine cents"".",False,judge_pass_em_fail,
chained-impeller-stem-qwen3-32b-groq-iter09-api-reasoning-off,qwen3-32b-groq,impeller-stem+groq,MONEY-P002,7d8c326253d4,"Use plain digits, no currency symbol.",the price tag said nineteen ninety nine,the price tag said 19.99,the price tag said 19.99,333.21,300.41,2176,15,0.00034293,stop,,2026-05-06T06:48:43.600659+00:00,2026-05-06T06:48:43.933926+00:00,the price tag said $19.99,impeller-stem-baseline,,True,,,pass,Matches reference exactly.,followed,"Plain digits, no currency symbol.",False,none,"""Nineteen ninety nine"" reasonably formatted as 19.99 in price context; content preserved.",True,,
chained-impeller-stem-qwen3-32b-groq-iter09-api-reasoning-off,qwen3-32b-groq,impeller-stem+groq,MONEY-E008,7d8c326253d4,,two hundred dollars and ninety nine cents,$200.99,$200.99,997.78,980.69,2161,12,0.00033681,stop,,2026-05-06T06:48:43.030843+00:00,2026-05-06T06:48:44.028666+00:00,$200.99,impeller-stem-baseline,,True,,,pass,Matches reference exactly.,n_a,No instruction provided.,False,none,Currency amount correctly formatted from spoken words.,True,,
chained-impeller-stem-qwen3-32b-groq-iter09-api-reasoning-off,qwen3-32b-groq,impeller-stem+groq,MONEY-P001,7d8c326253d4,Format currency in USD with 2 decimal places.,the total is forty two,the total is $42.00,the total is $42.00,489.46,472.46,2174,14,0.00034176,stop,,2026-05-06T06:48:43.462850+00:00,2026-05-06T06:48:43.952375+00:00,the total is 42,impeller-stem-baseline,,True,,,pass,Matches reference exactly.,followed,USD with 2 decimals as instructed.,False,fabricated,"Input says ""forty two"" with no currency; output adds a dollar sign and cents ($42.00) not present in input.",True,,
chained-impeller-stem-qwen3-32b-groq-iter09-api-reasoning-off,qwen3-32b-groq,impeller-stem+groq,MONEY-P003,7d8c326253d4,Spell large amounts in millions as $X.XM.,we pulled in twenty seven million dollars last quarter,we pulled in $27M last quarter,we pulled in $27M last quarter,302.03,286.44,2185,14,0.00034495,stop,,2026-05-06T06:48:43.733052+00:00,2026-05-06T06:48:44.035119+00:00,"we pulled in $27,000,000 last quarter",impeller-stem-baseline,,True,,,pass,Matches reference exactly.,followed,Used $X.XM-style abbreviation as instructed.,False,none,"""$27M"" accurately formats ""twenty seven million dollars""; all content preserved.",True,,
chained-impeller-stem-qwen3-32b-groq-iter09-api-reasoning-off,qwen3-32b-groq,impeller-stem+groq,DATE-001,7d8c326253d4,Render dates as 'Month Day' (e.g. January 5).,the meeting is on january fifth,the meeting is on January 5,the meeting is on January 5,356.72,333.48,2180,12,0.00034232,stop,,2026-05-06T06:48:43.782246+00:00,2026-05-06T06:48:44.139029+00:00,the meeting is on January 5,impeller-stem-baseline,,True,,,pass,Matches reference exactly.,followed,Date rendered as 'Month Day' as instructed.,False,none,Date formatted from words to standard form; content preserved.,True,,
chained-impeller-stem-qwen3-32b-groq-iter09-api-reasoning-off,qwen3-32b-groq,impeller-stem+groq,MONEY-E012,7d8c326253d4,,two and a half million dollars,$2.5M,$2.5 million dollars,1077.23,426.32,2160,11,0.00033593,stop,,2026-05-06T06:48:43.116205+00:00,2026-05-06T06:48:44.193478+00:00,2 and a half million dollars,impeller-stem-baseline,,False,,,pass,"Stylistically equivalent rendering of $2.5 million; ""dollars"" is redundant but value is correct.",n_a,No instruction provided.,False,minor_addition,"Adds redundant ""$"" with ""dollars"" but preserves meaning.",False,judge_pass_em_fail,
chained-impeller-stem-qwen3-32b-groq-iter09-api-reasoning-off,qwen3-32b-groq,impeller-stem+groq,DATE-002,7d8c326253d4,Render dates as 'Month Day'.,see you on march twenty third,see you on March 23,see you on March 23,358.54,332.39,2172,12,0.00034,stop,,2026-05-06T06:48:43.810510+00:00,2026-05-06T06:48:44.169120+00:00,see you on March 23,impeller-stem-baseline,,True,,,pass,Matches reference exactly.,followed,Date rendered as 'Month Day' as instructed.,False,none,Date formatted numerically; content preserved.,True,,
chained-impeller-stem-qwen3-32b-groq-iter09-api-reasoning-off,qwen3-32b-groq,impeller-stem+groq,MONEY-T002,7d8c326253d4,,the charge will be three forty two ninety nine,the charge will be $342.99,the charge will be $3.4299,940.62,911.47,2166,16,0.00034062,stop,,2026-05-06T06:48:43.296519+00:00,2026-05-06T06:48:44.237205+00:00,the charge will be $3.42 99,impeller-stem-baseline,,False,,,numeric_drift,"Misinterpreted ""three forty two ninety nine"" as $3.4299 instead of $342.99.",n_a,No instruction provided.,True,fabricated,"""Three forty two ninety nine"" should be $342.99, not $3.4299; the formatted number misrepresents the spoken amount.",True,,
chained-impeller-stem-qwen3-32b-groq-iter09-api-reasoning-off,qwen3-32b-groq,impeller-stem+groq,DATE-003,7d8c326253d4,Render dates as 'Month Day'.,we shipped on july fourth,we shipped on July 4,we shipped on July 4,337.79,324.32,2171,11,0.00033912,stop,,2026-05-06T06:48:43.934431+00:00,2026-05-06T06:48:44.272286+00:00,we shipped on July 4,impeller-stem-baseline,,True,,,pass,Matches reference exactly.,followed,Date rendered as 'Month Day' per instruction.,False,none,Date formatted numerically; content preserved.,True,,
chained-impeller-stem-qwen3-32b-groq-iter09-api-reasoning-off,qwen3-32b-groq,impeller-stem+groq,DATE-005,7d8c326253d4,Render dates as 'Month Day'.,she arrived on february fourteenth,she arrived on February 14,she arrived on February 14,395.97,376.76,2171,12,0.00033971,stop,,2026-05-06T06:48:44.028980+00:00,2026-05-06T06:48:44.425003+00:00,she arrived on February fourteenth,impeller-stem-baseline,,True,,,pass,Matches reference exactly.,followed,Date rendered as Month Day.,False,none,Date formatted numerically; content preserved.,True,,
chained-impeller-stem-qwen3-32b-groq-iter09-api-reasoning-off,qwen3-32b-groq,impeller-stem+groq,DATE-006,7d8c326253d4,,on august thirty first he resigned,on August 31 he resigned,on August 31 he resigned,343.89,337.64,2161,12,0.00033681,stop,,2026-05-06T06:48:44.035296+00:00,2026-05-06T06:48:44.379267+00:00,on August 31 he resigned,impeller-stem-baseline,,True,,,pass,Matches reference exactly.,n_a,No instruction provided.,False,none,Date formatted numerically and proper noun capitalized; all content preserved.,True,,
chained-impeller-stem-qwen3-32b-groq-iter09-api-reasoning-off,qwen3-32b-groq,impeller-stem+groq,DATE-007,7d8c326253d4,Render dates as 'Month Day'.,born november ninth,born November 9,born November 9,338.80,337.62,2169,9,0.00033736,stop,,2026-05-06T06:48:44.139496+00:00,2026-05-06T06:48:44.478354+00:00,born November 9,impeller-stem-baseline,,True,,,pass,Matches reference exactly.,followed,Date rendered as 'Month Day'.,False,none,Date formatted numerically; content preserved.,True,,
chained-impeller-stem-qwen3-32b-groq-iter09-api-reasoning-off,qwen3-32b-groq,impeller-stem+groq,DATE-009,7d8c326253d4,Render dates as 'Month Day'.,we'll meet april second,we'll meet April 2,we'll meet April 2,326.40,312.08,2171,11,0.00033912,stop,,2026-05-06T06:48:44.193898+00:00,2026-05-06T06:48:44.520350+00:00,we'll meet April 2,impeller-stem-baseline,,True,,,pass,Matches reference exactly.,followed,Date rendered as 'Month Day' per instruction.,False,none,"""April second"" formatted as ""April 2""; content preserved.",True,,
chained-impeller-stem-qwen3-32b-groq-iter09-api-reasoning-off,qwen3-32b-groq,impeller-stem+groq,DATE-ISO-001,7d8c326253d4,Format dates as ISO 8601.,the launch is march fifth twenty twenty six,the launch is 2026-03-05,the launch is 2026-03-05,388.99,356.03,2182,19,0.00034703,stop,,2026-05-06T06:48:44.379785+00:00,2026-05-06T06:48:44.768840+00:00,the launch is 03/05/2026,impeller-stem-baseline,,True,True,iso8601_date,pass,Matches reference exactly.,followed,Date formatted as ISO 8601.,False,none,Date formatted to ISO; content preserved.,True,,
chained-impeller-stem-qwen3-32b-groq-iter09-api-reasoning-off,qwen3-32b-groq,impeller-stem+groq,DATE-010,7d8c326253d4,,appointment may sixteenth,appointment May 16,appointment May 16,302.04,294.29,2159,10,0.00033505,stop,,2026-05-06T06:48:44.237663+00:00,2026-05-06T06:48:44.539748+00:00,appointment May 16,impeller-stem-baseline,,True,,,pass,Matches reference exactly.,n_a,No instruction provided.,False,none,Date formatted from words to standard form; content preserved.,True,,
chained-impeller-stem-qwen3-32b-groq-iter09-api-reasoning-off,qwen3-32b-groq,impeller-stem+groq,DATE-ISO-004,7d8c326253d4,Format dates as ISO 8601.,contract starts january first twenty twenty seven,contract starts 2027-01-01,contract starts 2027-01-01,342.70,318.35,2181,18,0.00034615,stop,,2026-05-06T06:48:44.520899+00:00,2026-05-06T06:48:44.863708+00:00,contract starts 01/01/2027,impeller-stem-baseline,,True,True,iso8601_date,pass,Matches reference exactly.,followed,Date formatted as ISO 8601 as instructed.,False,none,Date formatted to ISO; content preserved.,True,,
chained-impeller-stem-qwen3-32b-groq-iter09-api-reasoning-off,qwen3-32b-groq,impeller-stem+groq,DATE-ISO-003,7d8c326253d4,Format dates as ISO 8601.,delivery date june ninth twenty twenty five,delivery date 2025-06-09,delivery date 2025-06-09,340.70,305.20,2181,18,0.00034615,stop,,2026-05-06T06:48:44.478885+00:00,2026-05-06T06:48:44.819641+00:00,delivery date 06/09/2025,impeller-stem-baseline,,True,True,iso8601_date,pass,Matches reference exactly.,followed,Date formatted as ISO 8601.,False,none,Date correctly formatted to ISO; no content added or dropped.,True,,
chained-impeller-stem-qwen3-32b-groq-iter09-api-reasoning-off,qwen3-32b-groq,impeller-stem+groq,DATE-008,7d8c326253d4,,audit was october twenty second,audit was October 22,audit was October 22,849.83,834.21,2160,11,0.00033593,stop,,2026-05-06T06:48:44.169675+00:00,2026-05-06T06:48:45.019553+00:00,audit was October 22,impeller-stem-baseline,,True,,,pass,Matches reference exactly.,n_a,No instruction provided.,False,none,Date formatted correctly from words to numeric form; no content changed.,True,,
chained-impeller-stem-qwen3-32b-groq-iter09-api-reasoning-off,qwen3-32b-groq,impeller-stem+groq,DATE-ISO-002,7d8c326253d4,Format dates as ISO 8601.,she signed on april twelfth twenty twenty four,she signed on 2024-04-12,she signed on 2024-04-12,357.53,310.59,2182,19,0.00034703,stop,,2026-05-06T06:48:44.425424+00:00,2026-05-06T06:48:44.783001+00:00,she signed on 04/12/2024,impeller-stem-baseline,,True,True,iso8601_date,pass,Matches reference exactly.,followed,Date formatted as ISO 8601.,False,none,Date formatted to ISO; content preserved.,True,,
chained-impeller-stem-qwen3-32b-groq-iter09-api-reasoning-off,qwen3-32b-groq,impeller-stem+groq,DATE-004,7d8c326253d4,,the report is due december first,the report is due December 1,the report is due December 1,395.25,385.16,2161,12,0.00033681,stop,,2026-05-06T06:48:43.953235+00:00,2026-05-06T06:48:44.348550+00:00,the report is due December 1,impeller-stem-baseline,,True,,,pass,Matches reference exactly.,n_a,No instruction provided.,False,none,"""December 1"" is a standard formatting of ""december first""; no content added or dropped.",True,,
chained-impeller-stem-qwen3-32b-groq-iter09-api-reasoning-off,qwen3-32b-groq,impeller-stem+groq,DATE-012,7d8c326253d4,,payment posted june thirtieth,payment posted June 30,payment posted June 30,727.71,686.46,2160,11,0.00033593,stop,,2026-05-06T06:48:44.349000+00:00,2026-05-06T06:48:45.076777+00:00,payment posted June 30,impeller-stem-baseline,,True,,,pass,Matches reference exactly.,n_a,No instruction provided.,False,none,"""June thirtieth"" formatted as ""June 30"" preserves meaning.",True,,
chained-impeller-stem-qwen3-32b-groq-iter09-api-reasoning-off,qwen3-32b-groq,impeller-stem+groq,DATE-ISO-008,7d8c326253d4,Format dates as ISO 8601.,expires july third twenty twenty eight,expires 2028-07-03,expires 2028-03-07,369.33,350.27,2180,17,0.00034527,stop,,2026-05-06T06:48:44.820370+00:00,2026-05-06T06:48:45.189734+00:00,expires 07/03/2028,impeller-stem-baseline,,False,True,iso8601_date,wrong_value,Month and day swapped: produced 2028-03-07 instead of 2028-07-03.,followed,Used ISO 8601 format as instructed.,False,fabricated,"Input says July 3, 2028 (2028-07-03) but output shows 2028-03-07, fabricating wrong date.",False,regex_judge_disagree,
chained-impeller-stem-qwen3-32b-groq-iter09-api-reasoning-off,qwen3-32b-groq,impeller-stem+groq,DATE-ISO-006,7d8c326253d4,Format dates as ISO 8601.,end of fiscal is december thirty first twenty twenty six,end of fiscal is 2026-12-31,end of fiscal is 2026-12-31,514.40,461.68,2183,20,0.00034791,stop,,2026-05-06T06:48:44.769665+00:00,2026-05-06T06:48:45.284116+00:00,end of fiscal is 12/31/2026,impeller-stem-baseline,,True,True,iso8601_date,pass,Matches reference exactly.,followed,ISO 8601 format applied.,False,none,Date formatted to ISO; all content preserved.,True,,
chained-impeller-stem-qwen3-32b-groq-iter09-api-reasoning-off,qwen3-32b-groq,impeller-stem+groq,DATE-ISO-007,7d8c326253d4,Format dates as ISO 8601.,flight is on october fourteenth twenty twenty six,flight is on 2026-10-14,flight is on 2026-10-14,434.77,397.60,2182,19,0.00034703,stop,,2026-05-06T06:48:44.783372+00:00,2026-05-06T06:48:45.218182+00:00,flight is on 10/14/2026,impeller-stem-baseline,,True,True,iso8601_date,pass,Matches reference exactly.,followed,ISO 8601 format applied.,False,none,Date formatted to ISO; all content preserved.,True,,
chained-impeller-stem-qwen3-32b-groq-iter09-api-reasoning-off,qwen3-32b-groq,impeller-stem+groq,DATE-ISO-005,7d8c326253d4,Format dates as ISO 8601.,we met on november twenty ninth twenty twenty three,we met on 2023-11-29,we met on 2023-11-29,512.57,460.27,2182,19,0.00034703,stop,,2026-05-06T06:48:44.540083+00:00,2026-05-06T06:48:45.052707+00:00,we met on 11/29/2023,impeller-stem-baseline,,True,True,iso8601_date,pass,Matches reference exactly.,followed,Date formatted in ISO 8601 as instructed.,False,none,Date formatted to ISO; content preserved.,True,,
chained-impeller-stem-qwen3-32b-groq-iter09-api-reasoning-off,qwen3-32b-groq,impeller-stem+groq,DATE-US-002,7d8c326253d4,Format dates as MM/DD/YYYY.,the date is april twelfth twenty twenty four,the date is 04/12/2024,the date is 04/12/2024,315.82,288.59,2179,19,0.00034616,stop,,2026-05-06T06:48:45.019947+00:00,2026-05-06T06:48:45.335812+00:00,the date is 04/12/2024,impeller-stem-baseline,,True,,,pass,Matches reference exactly.,followed,Date formatted as MM/DD/YYYY as instructed.,False,none,Date formatted numerically; content preserved.,True,,
chained-impeller-stem-qwen3-32b-groq-iter09-api-reasoning-off,qwen3-32b-groq,impeller-stem+groq,DATE-011,7d8c326253d4,,renewal is september eighth,renewal is September 8,renewal is September 8,1146.59,586.07,2161,12,0.00033681,stop,,2026-05-06T06:48:44.272728+00:00,2026-05-06T06:48:45.419348+00:00,renewal is September 8,impeller-stem-baseline,,True,,,pass,Matches reference exactly.,n_a,No instruction provided.,False,none,"Date formatted from words to numeric, content preserved.",True,,
chained-impeller-stem-qwen3-32b-groq-iter09-api-reasoning-off,qwen3-32b-groq,impeller-stem+groq,DATE-US-003,7d8c326253d4,Format dates as MM/DD/YYYY.,the date is june ninth twenty twenty five,the date is 06/09/2025,the date is 06/09/2025,349.51,317.87,2174,19,0.00034471,stop,,2026-05-06T06:48:45.053968+00:00,2026-05-06T06:48:45.403514+00:00,the date is June ninth twenty twenty '5,impeller-stem-baseline,,True,,,pass,Matches reference exactly.,followed,Date formatted as MM/DD/YYYY.,False,none,The date was correctly formatted numerically without altering meaning.,True,,
chained-impeller-stem-qwen3-32b-groq-iter09-api-reasoning-off,qwen3-32b-groq,impeller-stem+groq,DATE-US-001,7d8c326253d4,Format dates as MM/DD/YYYY.,the date is march fifth twenty twenty six,the date is 03/05/2026,the date is 03/05/2026,576.18,548.64,2179,19,0.00034616,stop,,2026-05-06T06:48:44.864692+00:00,2026-05-06T06:48:45.440928+00:00,the date is 03/05/2026,impeller-stem-baseline,,True,,,pass,Matches reference exactly.,followed,Date formatted as MM/DD/YYYY as instructed.,False,none,Date formatted numerically; content preserved.,True,,
chained-impeller-stem-qwen3-32b-groq-iter09-api-reasoning-off,qwen3-32b-groq,impeller-stem+groq,DATE-US-004,7d8c326253d4,Format dates as MM/DD/YYYY.,the date is november first twenty twenty six,the date is 11/01/2026,the date is 11/01/2026,348.03,311.46,2174,19,0.00034471,stop,,2026-05-06T06:48:45.077256+00:00,2026-05-06T06:48:45.425362+00:00,the date is November first twenty twenty '6,impeller-stem-baseline,,True,,,pass,Matches reference exactly.,followed,MM/DD/YYYY format honored.,False,none,Date formatted numerically; content preserved.,True,,
chained-impeller-stem-qwen3-32b-groq-iter09-api-reasoning-off,qwen3-32b-groq,impeller-stem+groq,DATE-US-005,7d8c326253d4,Format dates as MM/DD/YYYY.,the date is january thirty first twenty twenty seven,the date is 01/31/2027,the date is 01/31/2027,311.68,285.76,2179,19,0.00034616,stop,,2026-05-06T06:48:45.190037+00:00,2026-05-06T06:48:45.501748+00:00,the date is 01/31/2027,impeller-stem-baseline,,True,,,pass,Matches reference exactly.,followed,Date formatted as MM/DD/YYYY as instructed.,False,none,Date formatted numerically; content preserved.,True,,
chained-impeller-stem-qwen3-32b-groq-iter09-api-reasoning-off,qwen3-32b-groq,impeller-stem+groq,DATE-EU-002,7d8c326253d4,Format dates as DD/MM/YYYY.,meeting on the fifteenth of july twenty twenty four,meeting on the 15/07/2024,meeting on the 07/15/2024,410.79,381.28,2179,19,0.00034616,stop,,2026-05-06T06:48:45.284363+00:00,2026-05-06T06:48:45.695186+00:00,meeting on the 07/15/2024,impeller-stem-baseline,,False,,,style_violation,Output uses MM/DD/YYYY instead of requested DD/MM/YYYY.,ignored,EU format instruction not honored; produced US format.,False,minor_addition,"Date correctly formatted but ""the"" before the date is awkward leftover; content preserved without fabrication.",True,,
chained-impeller-stem-qwen3-32b-groq-iter09-api-reasoning-off,qwen3-32b-groq,impeller-stem+groq,DATE-EU-005,7d8c326253d4,Format dates as DD/MM/YYYY.,meeting on the twenty eighth of march twenty twenty seven,meeting on the 28/03/2027,meeting on the 03/28/2027,337.66,299.05,2179,19,0.00034616,stop,,2026-05-06T06:48:45.419600+00:00,2026-05-06T06:48:45.757315+00:00,meeting on the 03/28/2027,impeller-stem-baseline,,False,,,style_violation,Output uses MM/DD/YYYY instead of requested DD/MM/YYYY format.,ignored,Instruction specified DD/MM/YYYY but candidate produced US-style MM/DD/YYYY.,False,minor_addition,"Date correctly formatted but ""the"" before the date is awkward leftover; content preserved.",True,,
chained-impeller-stem-qwen3-32b-groq-iter09-api-reasoning-off,qwen3-32b-groq,impeller-stem+groq,DATE-W003,7d8c326253d4,"Render dates in long-form English (e.g. January 5, 2026).",we filed on march tenth twenty twenty two,"we filed on March 10, 2022","we filed on March 10, 2022",372.86,335.65,2192,18,0.00034934,stop,,2026-05-06T06:48:45.502004+00:00,2026-05-06T06:48:45.874953+00:00,we filed on 03/10/2022,impeller-stem-baseline,,True,,,pass,Matches reference exactly.,followed,Long-form English date rendered.,False,none,Date formatted correctly; all content preserved.,True,,
chained-impeller-stem-qwen3-32b-groq-iter09-api-reasoning-off,qwen3-32b-groq,impeller-stem+groq,DATE-EU-004,7d8c326253d4,Format dates as DD/MM/YYYY.,meeting on the first of december twenty twenty six,meeting on the 01/12/2026,meeting on the 12/01/2026,541.93,508.41,2179,19,0.00034616,stop,,2026-05-06T06:48:45.404020+00:00,2026-05-06T06:48:45.945970+00:00,meeting on the 12/01/2026,impeller-stem-baseline,,False,,,style_violation,"Candidate output is in MM/DD/YYYY format instead of the requested DD/MM/YYYY, swapping day and month.",ignored,Instruction explicitly required DD/MM/YYYY but candidate used US format.,False,minor_addition,"Date correctly formatted as 12/01/2026, but ""the"" before the date is awkwardly retained—no content added or dropped.",True,,
chained-impeller-stem-qwen3-32b-groq-iter09-api-reasoning-off,qwen3-32b-groq,impeller-stem+groq,DATE-EU-001,7d8c326253d4,Format dates as DD/MM/YYYY.,meeting on the third of february twenty twenty six,meeting on the 03/02/2026,meeting on the 02/03/2026,743.51,668.33,2179,19,0.00034616,stop,,2026-05-06T06:48:45.218410+00:00,2026-05-06T06:48:45.961956+00:00,meeting on the 02/03/2026,impeller-stem-baseline,,False,,,style_violation,"Candidate used MM/DD/YYYY instead of requested DD/MM/YYYY, swapping day and month.",ignored,EU DD/MM/YYYY format was not followed.,False,minor_addition,"The word ""the"" before the date is awkwardly retained, but content is preserved; date formatting is a reasonable conversion though slightly ungrammatical.",True,,
chained-impeller-stem-qwen3-32b-groq-iter09-api-reasoning-off,qwen3-32b-groq,impeller-stem+groq,DATE-W002,7d8c326253d4,"Render dates in long-form English (e.g. January 5, 2026).",born august seventh nineteen ninety,"born August 7, 1990","born August 7, 1990",478.70,450.32,2190,15,0.00034699,stop,,2026-05-06T06:48:45.441269+00:00,2026-05-06T06:48:45.920004+00:00,born 08/07/1990,impeller-stem-baseline,,True,,,pass,Matches reference exactly.,followed,Long-form English date as instructed.,False,none,Date formatted correctly from spoken form with no added or dropped content.,True,,
chained-impeller-stem-qwen3-32b-groq-iter09-api-reasoning-off,qwen3-32b-groq,impeller-stem+groq,DATE-E001,7d8c326253d4,,she was born in fifty two,she was born in '52,she was born in '52,498.75,467.12,2161,12,0.00033681,stop,,2026-05-06T06:48:45.695478+00:00,2026-05-06T06:48:46.194256+00:00,she was born in '52,impeller-stem-baseline,,True,,,pass,Matches reference exactly.,n_a,No instruction given.,False,none,"""Fifty two"" formatted as ""'52"" preserves meaning.",True,,
chained-impeller-stem-qwen3-32b-groq-iter09-api-reasoning-off,qwen3-32b-groq,impeller-stem+groq,DATE-E003,7d8c326253d4,,we hired her in april twenty twenty four,we hired her in April 2024,we hired her in April 2024,313.53,290.42,2164,15,0.00033945,stop,,2026-05-06T06:48:45.875642+00:00,2026-05-06T06:48:46.189240+00:00,we hired her in April 2024,impeller-stem-baseline,,True,,,pass,Matches reference exactly.,n_a,No instruction provided.,False,none,Date and month formatted; content preserved.,True,,
chained-impeller-stem-qwen3-32b-groq-iter09-api-reasoning-off,qwen3-32b-groq,impeller-stem+groq,DATE-EU-003,7d8c326253d4,Format dates as DD/MM/YYYY.,meeting on the ninth of october twenty twenty five,meeting on the 09/10/2025,meeting on the 10/09/2025,853.54,822.26,2179,19,0.00034616,stop,,2026-05-06T06:48:45.336115+00:00,2026-05-06T06:48:46.189677+00:00,meeting on the 10/09/2025,impeller-stem-baseline,,False,,,style_violation,"Candidate used MM/DD/YYYY instead of requested DD/MM/YYYY, swapping day and month.",ignored,Did not follow EU DD/MM/YYYY format instruction.,False,minor_addition,"Awkward ""on the 10/09/2025"" keeps ""the"" but date formatting is faithful; minor grammatical artifact only.",True,,
chained-impeller-stem-qwen3-32b-groq-iter09-api-reasoning-off,qwen3-32b-groq,impeller-stem+groq,DATE-W001,7d8c326253d4,"Render dates in long-form English (e.g. January 5, 2026).",deadline is one twenty twenty six,"deadline is January 1, 2026","deadline is January 5, 2026",519.69,485.11,2188,16,0.000347,stop,,2026-05-06T06:48:45.425776+00:00,2026-05-06T06:48:45.945524+00:00,deadline is 01/2026,impeller-stem-baseline,,False,,,wrong_value,"Candidate output January 5 instead of January 1; ""one twenty twenty six"" parses as 1/20/2026 or 1/1/2026, not the 5th.",followed,Long-form English date format honored.,False,fabricated,"Input ""one twenty twenty six"" likely means 1/20/2026, but output says January 5, 2026, fabricating the day.",True,,
chained-impeller-stem-qwen3-32b-groq-iter09-api-reasoning-off,qwen3-32b-groq,impeller-stem+groq,DATE-E002,7d8c326253d4,,the audit was sometime in q three,the audit was sometime in Q3,the audit was sometime in Q3,507.90,480.97,2161,12,0.00033681,stop,,2026-05-06T06:48:45.757797+00:00,2026-05-06T06:48:46.265745+00:00,the audit was sometime in q three,impeller-stem-baseline,,True,,,pass,Matches reference exactly.,n_a,No instruction provided.,False,none,"""q three"" was correctly formatted as ""Q3""; all content preserved.",True,,
