sample_id,claude-haiku-4-5,claude-opus-4-7,claude-sonnet-4-6,deepseek-v3-1-terminus,deepseek-v3-2,gemini-3-1-pro-preview,gemini-3-flash-preview,gemma-3-12b-it,gemma-3-27b-it,gemma-3-4b-it,gpt-5-4-mini,gpt-5-5,gpt-oss-120b,gpt-oss-120b-cerebras,gpt-oss-120b-groq,gpt-oss-20b,gpt-oss-20b-groq,granite-4-0-h-micro,granite-4-1-8b,grok-4,llama-3-1-70b,llama-3-1-8b,llama-3-2-3b,llama-3-3-70b,llama-3-3-70b-groq,llama-4-maverick,llama-4-scout,llama-4-scout-groq,ministral-14b,ministral-3b,ministral-8b,mistral-nemo,mistral-small-2603,mistral-small-3-2-24b,nemotron-3-nano-30b,nemotron-3-super-120b,nemotron-llama-3-1-70b,nemotron-nano-9b,nemotron-super-49b,olmo-3-1-32b,phi-4,qwen3-14b,qwen3-235b,qwen3-235b-cerebras,qwen3-30b,qwen3-32b-groq,qwen3-5-122b,qwen3-5-27b,qwen3-5-35b,qwen3-5-397b,qwen3-5-9b,qwen3-8b,qwen3-next-80b
CANONICAL-AVOMA-RANGE,fail,fail,fail,fail,fail,fail,pass,fail,fail,fail,fail,fail,fail,pass,pass,fail,fail,fail,fail,fail,fail,fail,fail,fail,fail,fail,fail,fail,fail,fail,fail,fail,fail,fail,pass,pass,fail,fail,fail,fail,fail,fail,fail,fail,fail,fail,fail,pass,fail,fail,fail,fail,fail
CANONICAL-AVOMA-YEAR,pass,pass,pass,pass,pass,pass,pass,pass,pass,fail,pass,pass,pass,pass,pass,pass,pass,pass,pass,pass,pass,fail,fail,pass,pass,pass,pass,pass,fail,fail,fail,fail,pass,pass,pass,pass,pass,pass,fail,pass,pass,pass,pass,pass,pass,pass,pass,pass,pass,pass,pass,pass,pass
CANONICAL-CRESTA-ACCOUNT-ID,fail,fail,fail,fail,fail,fail,fail,fail,fail,fail,fail,fail,fail,fail,fail,fail,fail,fail,fail,fail,fail,fail,fail,fail,fail,fail,fail,fail,fail,fail,fail,fail,fail,fail,fail,fail,fail,fail,fail,fail,fail,fail,fail,fail,fail,pass,fail,fail,fail,fail,fail,fail,fail
CANONICAL-CRESTA-CURRENCY,fail,pass,pass,fail,fail,pass,pass,pass,pass,fail,fail,fail,fail,fail,pass,fail,fail,pass,fail,pass,pass,fail,pass,fail,fail,pass,pass,pass,pass,pass,pass,fail,pass,fail,fail,fail,fail,pass,fail,pass,fail,pass,fail,pass,fail,pass,pass,fail,fail,pass,fail,pass,pass
CANONICAL-CRESTA-PERCENT,pass,pass,pass,pass,pass,pass,pass,pass,pass,fail,pass,pass,pass,pass,pass,pass,pass,pass,pass,pass,pass,pass,pass,pass,pass,pass,pass,pass,pass,pass,fail,pass,pass,pass,pass,pass,pass,pass,pass,pass,fail,pass,fail,pass,fail,pass,pass,fail,fail,pass,pass,pass,pass
CANONICAL-NIAGARA-ORDERID,fail,pass,pass,pass,pass,pass,pass,fail,pass,fail,pass,pass,pass,pass,pass,pass,pass,fail,pass,pass,pass,fail,fail,fail,fail,pass,fail,fail,fail,fail,fail,fail,pass,fail,pass,pass,fail,pass,pass,fail,fail,pass,pass,pass,pass,pass,pass,pass,fail,pass,fail,pass,pass
CANONICAL-NIAGARA-PHONE,pass,fail,pass,fail,fail,pass,pass,pass,pass,fail,fail,pass,fail,pass,pass,fail,fail,fail,fail,pass,pass,fail,fail,pass,pass,fail,pass,fail,pass,fail,pass,fail,fail,fail,fail,pass,fail,fail,fail,fail,fail,fail,pass,fail,fail,fail,pass,pass,fail,pass,fail,fail,pass
CANONICAL-RINGCENTRAL-PHONE,pass,pass,pass,pass,pass,pass,pass,pass,pass,fail,pass,pass,fail,fail,fail,pass,pass,fail,fail,pass,pass,fail,fail,pass,pass,fail,pass,fail,pass,fail,pass,fail,pass,pass,pass,pass,pass,fail,fail,pass,fail,pass,pass,pass,pass,pass,pass,pass,fail,fail,fail,pass,pass
CANONICAL-TALKATOO-CENTURY,pass,pass,pass,fail,pass,pass,pass,fail,fail,fail,fail,pass,pass,pass,pass,pass,pass,pass,fail,pass,pass,fail,fail,pass,pass,pass,fail,fail,fail,fail,pass,pass,fail,fail,pass,pass,pass,pass,pass,pass,fail,pass,fail,fail,fail,pass,pass,fail,fail,pass,fail,pass,fail
